<?xml version="1.0" encoding="UTF-8"?>
<beans xmlns="http://www.springframework.org/schema/beans" 
	xmlns:xsi="http://www.w3.org/2001/XMLSchema-instance"
	xmlns:context="http://www.springframework.org/schema/context" 
	xmlns:jdbc="http://www.springframework.org/schema/jdbc"  
	xmlns:jee="http://www.springframework.org/schema/jee" 
	xmlns:tx="http://www.springframework.org/schema/tx"
	xmlns:aop="http://www.springframework.org/schema/aop" 
	xmlns:mvc="http://www.springframework.org/schema/mvc"
	xmlns:util="http://www.springframework.org/schema/util"
	xmlns:jpa="http://www.springframework.org/schema/data/jpa"
	xsi:schemaLocation="
		http://www.springframework.org/schema/beans http://www.springframework.org/schema/beans/spring-beans-3.2.xsd
		http://www.springframework.org/schema/context http://www.springframework.org/schema/context/spring-context-3.2.xsd
		http://www.springframework.org/schema/jdbc http://www.springframework.org/schema/jdbc/spring-jdbc-3.2.xsd
		http://www.springframework.org/schema/jee http://www.springframework.org/schema/jee/spring-jee-3.2.xsd
		http://www.springframework.org/schema/tx http://www.springframework.org/schema/tx/spring-tx-3.2.xsd
		http://www.springframework.org/schema/data/jpa http://www.springframework.org/schema/data/jpa/spring-jpa-1.3.xsd
		http://www.springframework.org/schema/aop http://www.springframework.org/schema/aop/spring-aop-3.2.xsd
		http://www.springframework.org/schema/mvc http://www.springframework.org/schema/mvc/spring-mvc-3.2.xsd
		http://www.springframework.org/schema/util http://www.springframework.org/schema/util/spring-util-3.2.xsd">
	<!-- 导入数据库参数 db.properties -->
	<util:properties id="db" 
		location="classpath:conf/db.properties"/> 
	<!-- 配置数据库连接池dbcp -->
	<bean id="dataSource"
		class="org.apache.commons.dbcp.BasicDataSource">
		<property name="driverClassName"
			value="#{db.driver}"/>
		<property name="url"
			value="#{db.url}"/>
		<property name="username"
			value="#{db.username}"/>
		<property name="password"
			value="#{db.password}"/>
	</bean>
	
	<!-- 配置MyBatis SqlSessionFactory -->
	<bean id="sqlSessionFactory"
		class="org.mybatis.spring.SqlSessionFactoryBean">
		<property name="dataSource"
			ref="dataSource"/>
		
		<property name="mapperLocations"
			value="classpath:mappers/*.xml"/>
			
	</bean>
	<!-- Mapper 接口扫描器 -->
	<bean class="org.mybatis.spring.mapper.MapperScannerConfigurer">
		<!-- 
		<property name="sqlSessionFactory"
			ref="sqlSessionFactory"></property>
		-->
		<property name="basePackage"
			value="cn.bs.dao"></property>
	</bean>
	
	<!-- spring-mybatis.xml -->
	<!-- 配置事务管理器：基于dataSource的事务管理器 -->
	<bean id="txMgr" 
		class="org.springframework.jdbc.datasource.DataSourceTransactionManager">
		<property name="dataSource"
			ref="dataSource"></property>
	</bean>
	
	<!-- 用于驱动 @Transactional 注解 -->
	<tx:annotation-driven 
		transaction-manager="txMgr"/>
</beans>









